{
  "project_info": {
    "project_number": "466524210365",
    "project_id": "ods-projeto2",
    "storage_bucket": "ods-projeto2.firebasestorage.app"
  },
  "client": [
    {
      "client_info": {
        "mobilesdk_app_id": "1:466524210365:android:cbe9f6d4c62632926aa3d4",
        "android_client_info": {
          "package_name": "com.projeto2.ods"
        }
      },
      "oauth_client": [],
      "api_key": [
        {
          "current_key": "AIzaSyCDKepzbrNE4g5yXRGJilQ8N4gFGAzZYHM"
        }
      ],
      "services": {
        "appinvite_service": {
          "other_platform_oauth_client": []
        }
      }
    }
  ],
  "configuration_version": "1"
}